x1,x2,x3,y
-0.9052398759373164,0.06420022829223093,-0.8888352571585314,4.048486764849183
-0.3258848026507071,0.8264603703669342,-0.1764426135639261,1.9102295867519543
1.0,-0.24755264689985568,0.6175961647569248,5.6861475256338005
-0.6795285398892845,1.0,-0.23165123944168164,4.397068024914121
0.4430893289844955,0.6600345969822656,-1.0,-2.6142537095657743
0.1407633020145178,0.5912541269635212,-0.3125749229017887,1.0151209762997293
1.0,-0.41864859366657425,-0.13556508667748268,4.38581152143995
-1.0,0.014823061215704536,1.0,2.3163433460347793
-1.0,0.7668579795166612,-0.7146749853027226,7.644462407013074
-1.0,-0.5461515886151833,1.0,9.083687558692953
-0.8897956693370723,-0.633649238333934,-0.3907509503263542,1.3648772361645363
-1.0,-0.006270131525440759,0.9205145238317645,1.0548450609383682
-1.0,-0.5339613997116321,-0.710404993315533,0.2748596666557603
-0.43968242194591967,-0.6507468654800721,-0.7874029015207498,-0.9982661827519531
0.1571703203233843,1.0,-0.49432869292337944,9.869065674380264
-0.935943648544534,0.02864669713307766,-0.6545363108028976,1.1550462735221942
1.0,-0.9589288594810192,0.3237195078898545,-5.034366389235408
-0.005082194885150937,-0.5612225928321415,-0.26372155110101225,0.7193754378770064
0.20094363836136253,0.810491454174401,0.9646222992327271,6.640587779151332
0.2351871421023326,-0.13850794819500045,1.0,-1.0919391934402212
0.22733150419607684,-0.20071028448758832,1.0,-1.3377250238218632
0.5452555338812277,-0.09530127015300871,1.0,-1.031142044205119
0.8776845772394652,0.32495946010176646,0.33557744614660856,4.303315325101696
0.02873066281567538,1.0,-0.4598068538743849,9.77554885080184
-0.08207835782538986,0.500474896921512,1.0,3.593261636445166
-0.562940797021231,-0.3858101212532532,-0.010003992638563997,1.1465256405147204
-0.2577091612689624,0.413470346006944,-0.5711909047980386,-0.6223204854763797
-1.0,-0.4850829021183878,1.0,8.609552658178442
0.7604723782427523,-1.0,0.4711859374337899,-3.0725727046590166
1.0,-0.018538314488024676,-0.7178210962430431,6.490666822842102
0.5164852763183732,1.0,0.04720817459820226,7.568394986864915
-0.6049945395805669,-0.17065017418168238,-0.7123455496002742,1.431439341099181
-1.0,-0.4236056661073728,0.3219769522081364,-1.6024979182054977
0.3893211464144515,-0.3589656591074204,-0.3099615612649107,0.30357649329129555
1.0,-0.968625393581982,0.13635533474098005,-6.246830804899854
-0.5991370383132131,0.15013655662481895,-0.1971413899639327,-1.5415949795268902
1.0,-0.17243071679287691,0.29561697098357587,5.285794940773841
0.7804779295146822,-0.38729592045163685,-0.6838134796184945,1.2231280530937068
1.0,-0.19416644274355566,-0.509230722350658,4.3745699119593375
0.4219941618777856,1.0,-0.6304176781760393,11.86399637674742
-0.5341197468802141,-1.0,0.7053828473777646,1.9212593501706854
1.0,-1.0,-0.9428529940664083,-24.30229605053001
0.30754542406848917,-0.1746508782771219,-0.722664969224263,1.7408895886075741
0.14502917314882646,1.0,0.050474823992904705,7.14963349276542
-1.0,0.7285068254327349,-0.08606317250695494,-0.5000613807675276
-1.0,-0.5031404867904186,1.0,8.487389147310706
0.016887343490682216,-0.03972424885536219,1.0,-0.5953479651046109
-0.8865535981662076,1.0,0.7693595052964497,3.8754428459932253
-0.4387476101234926,-1.0,0.4116589047344634,2.464119012698033
1.0,0.3273319663915246,-0.9436072495188466,10.898145607197424
-0.7497919630536278,-0.5314713482169398,-0.6777698950736304,1.4590199319384982
1.0,1.0,-0.6083465831600141,22.865430935628385
0.11977483927678434,0.3859395278305555,0.38822714794295465,0.877070239599944
1.0,-0.44064989181371206,0.06189805984304009,4.3730928310953585
-0.09233419900729922,0.6079035169428071,-1.0,-3.652961295643947
-1.0,0.2827558346955015,0.09988673388353586,-4.898784063252178
-1.0,-0.015295171848605627,0.008999190813032243,-3.991626410446261
0.45099752484542277,-0.52606806814178,-0.6139072519122855,0.43791601250700146
0.09710420956960641,-0.528143799137611,-0.44640152013446444,1.2019504642404542
0.33203279363734794,0.10093920263416956,0.34321155162829675,0.8481167069092677
-1.0,-0.7701887486252366,0.39765834552008816,5.218888557605988
-0.03611619348383743,-0.7793184287948778,-0.6422605908758126,-0.253976520696941
0.05864766277182287,-0.05883454646473951,-0.9678540025223812,-1.9870946552960311
0.8928136375715163,0.8056136598992485,1.0,17.952432079614056
0.8563276279447154,-0.18507220853605144,0.7915272021198738,3.684096845910598
-0.8284847156405699,1.0,0.2455827906003245,3.2403936762760424
-0.9256877927601521,0.41146648118953544,-1.0,10.8118051561614
-0.5566913546664389,-0.08745375639690978,0.09278110036196807,-0.42043145859008885
0.8686071255756551,-0.36797446368591924,-0.7770192636886752,2.285363694678575
0.07658998612874779,-0.6279868110851317,0.8229058238314604,-1.5226557029653862
1.0,-1.0,0.5249608592283501,-6.94253038495642
-0.4172675541139279,0.5899997279351299,-0.4406271842019731,-0.5276619997099407
-0.4341296744308798,1.0,0.5582505242280231,7.086289302327325
-1.0,-1.0,0.22358227191710345,9.267396966282593
0.6757105304055953,-0.3408162546380198,0.7111196457525382,1.40542908227282
-0.050958592652889934,0.49275493732215003,0.3280931651549177,0.39185283632201773
-1.0,1.0,0.592133410416456,1.455247328238598
0.87537936002666,-0.05984159589875926,-0.614906440988356,2.793683353069134
0.04510466692899828,-0.2934842622296794,0.9977369519846611,-1.1336554741724054
1.0,-0.9581212151834544,-1.0,-23.174529285422466
-1.0,-1.0,0.7230246892103038,15.558496893847103
0.2560546896164504,-0.2337671646241195,-0.12755628416011522,1.1333735094909045
1.0,1.0,1.0,25.833852815613323
0.9934601847307076,0.18481832427306655,-0.866635181882955,8.066478052525346
1.0,-0.016202558765288533,0.06347533507755698,4.186277914345528
1.0,0.13464760646743557,-0.08016752167969865,4.596419251545938
-0.8848562423818123,-0.0192823533690476,-1.0,7.21276906695136
0.1423636315311656,-1.0,-1.0,-18.655061247893062
0.6302685738553477,0.29428794505882383,-1.0,-1.7630658597127051
0.07280596866881783,-1.0,-1.0,-17.410723273653502
0.8177025837897365,0.03208412448867404,0.19216336010048662,2.952843064927755
-0.40835846181230906,-0.7896510347699013,-0.14488214578831338,1.6305468594020367
1.0,-0.17080214265251348,-0.8924758403277069,7.128389419159183
-1.0,-0.20713160819989151,-0.7568945150490201,1.1133704616725133
0.5631222024748417,0.46610606767628493,0.021076923150198823,1.0155420161809123
-0.19854314652207283,-0.6991656599401066,-0.03841413455033016,1.2627204829695835
0.6045707190678398,0.8447695859696722,0.05663813190312372,3.6922161132991893
-1.0,-1.0,0.5961417474190887,13.893589505510317
-0.17826451534459764,1.0,-1.0,2.5098486133704183
0.10280732086224886,0.8624622287492523,0.15686156964274245,3.3767240441962474
-0.9924725156952705,-0.5833580236163258,0.7258312558074602,3.638530317835465
-1.0,0.26424462201289267,-0.5478022772334354,-0.35758319722677345
1.0,1.0,-0.7309040324992191,27.06832832507733
0.46572598835547674,-0.8564130860384038,-0.6832046784748864,-2.041228130832965
0.25706216798677683,-0.3524013493597493,1.0,-2.3013290808581535
-0.34137432476650575,0.8323009855929595,1.0,9.667924398793804
0.5073624864275512,0.5100911666334436,0.7007175742464637,1.067558042039316
-0.7093792191294712,-1.0,-0.08030663799799775,5.074663908879594
-0.013494765109244744,-1.0,-0.4445578604813598,0.5814874936856305
0.5914607178076983,-0.45168607689290763,0.3525101448610086,1.7051922558783663
-0.6354638199673242,0.5443380872244772,0.04275933156571221,-2.308529100949536
-0.9757045205058117,-0.18177627060891188,1.0,4.492627305314693
-0.5441291897694109,1.0,0.4697672857322943,5.634518413868178
0.7246917066842629,-0.4999850068026994,-1.0,-5.891974501180587
0.9434811529647917,0.09690344533759698,-0.7755701167560412,5.69639583131114
-0.9525500718147024,-0.6737965968720305,0.1352612538032394,2.5011669935528866
-1.0,0.33704375948384646,-1.0,15.355151622485572
0.5449155738874534,0.6185871810957508,-0.12461898930642468,1.5449528866278197
0.024108000057257994,-0.9532832781265779,-1.0,-15.181262631601026
-1.0,1.0,0.19566475223220792,5.061650887730763
1.0,-1.0,0.4944983342239151,-6.629097523953726
1.0,0.5725766263687868,1.0,23.65171735896467
0.430829381193214,0.5332190198947138,-0.08474023920596552,1.4495785756283368
-1.0,-0.8348439137435713,-1.0,5.260967248896455
0.11500205547667797,0.01031327417754091,0.40860815531265704,0.6146773591070356
-0.9876063612936536,0.428929619054113,0.3259836396203706,-3.6092690419468973
-0.7506725572669923,0.41049504906947054,-0.6841005336591313,-1.6563823227286822
-0.708324388040966,0.8124988862869864,-0.10134898224748223,-0.8346416306288881
-1.0,1.0,1.0,17.479617954777307
-0.33362710277644014,0.12669389362706007,-0.3733955559758928,0.15497231710373094
-0.15670742849610897,-0.32865773554088196,0.3423721042541925,0.18103609481180083
1.0,1.0,0.7995274998483728,18.710091845414606
-0.8014113390353632,0.17670248093998842,0.8455304411037834,-0.7020006982440739
0.03734426130275614,0.45234287235983683,-0.09077256875411477,0.6018384358647046
0.3303885810133398,-0.2988146624060992,0.6902857433082124,0.39309126265714267
-0.7442339359645063,0.16604187067231968,0.10471965313919451,-2.7630156425836603
-1.0,-0.7476966610162203,0.7568069391588088,9.24678078695771
0.5576865200998111,-0.6314037957148559,1.0,-3.545853217718653
-0.5766991358993048,1.0,-0.1459288295572554,5.064884953569658
0.9483610882513698,-1.0,0.37478863081392255,-5.3094188573759
0.3869083943086764,0.9408490760599881,1.0,9.264877222021067
1.0,-0.9452008213877447,0.14049567596864576,-4.525611266718933
-0.4192678393111544,-0.15977070185973719,0.10324637775577372,0.2908649776423137
-0.19707959195559166,-0.7597772151371667,1.0,-1.671656076569161
-0.5653837875135428,0.45666875860400635,0.36270861728964254,-2.234091493991664
-0.7047346705704758,0.7346050453368884,0.8094431920969871,2.573322927700202
-0.6904237080122584,-1.0,0.48690096078119605,4.3936975819705
-0.5191689040059548,-0.37038345885930757,-0.4593632889574846,0.3829692072015189
0.6473284613711086,-0.26082491824376075,0.3934299704772177,1.1988996594629655
-0.9044809983304172,-0.9872731484838788,-0.2714002969865481,5.775366167310121
0.6303690866508769,-0.5704722445529415,-0.9179637667483089,-3.2894182204944338
1.0,1.0,-0.14758349250405134,15.735153277542484
0.5776484815076959,0.2471280399757212,1.0,2.3888962353414027
-0.2546082798511542,-0.26073919594891115,-0.17754866590330587,1.5486433454690982
-0.46484050793549825,0.7528177124211193,-0.06125362708068671,-0.6522118954959742
0.4625065239483237,0.4315462908765988,0.16761163728856543,1.34542104343544
0.14124866833419292,-0.19236193379001487,-0.14836939408340477,1.5206278353505327
0.8873383860726975,1.0,-0.19547951912827188,11.458736078430759
0.7047645284990562,-0.9138547038700426,0.7433193966753318,-1.290699770980654
0.8926820144634604,0.04717331978056416,-0.6910688086383057,3.4448880684368612
-0.18624258054536202,-0.7298228746892317,-0.20919835730236347,1.374099304338445
0.9580543248966027,0.44000323061883573,-0.2762768580276673,4.5402511065925815
-0.6935659124357076,0.9116170323740493,0.5279374358648499,1.8180598939315735
-0.7009468501399472,-0.15401603759468885,-1.0,1.5016735125934288
-0.22275949405200435,-0.7315408198899884,0.8478619704420132,-0.6570649592368717
-0.08367925559739708,0.7035900683124359,-0.11275977407946836,0.3672296522387416
0.23891998226397093,-0.6119045207711784,0.40517679917130023,0.5471147901185316
1.0,0.8009852564177125,0.3757231582510514,10.331024724004148
0.18756250894444482,-1.0,-0.1376374223717205,1.4823113573031446
-0.44000539199712096,-0.321511160203531,0.25775198641117725,0.2829166822014565
0.5673881294448369,0.5869422929586703,-1.0,-1.8599162060092596
1.0,-0.31463211208527686,-0.6901619532733343,6.142145192897073
0.753963553976664,0.5669214229894832,0.6772417277346467,4.241711350813635
1.0,1.0,1.0,25.88791075812455
-0.5595818426381753,1.0,-0.15339233702641186,5.626921192697541
-1.0,0.16918444081051587,0.6160187925331455,-4.064081463249497
-1.0,0.8315030787327069,0.9188837580004492,6.058738222800617
-0.9358721253642921,-1.0,1.0,15.132199629220706
1.0,1.0,1.0,25.601556431121317
1.0,-0.14001132926853255,-0.02332059999217484,4.4117430091394345
-0.2042927284758167,0.6446926869359564,0.8336092502284087,1.532120984642129
0.6335101876480627,1.0,0.8907463639763149,9.850588556287365
0.48325713471768617,0.04818105032176567,-1.0,-3.4262609801381427
0.8226050212865816,1.0,0.10795682069018109,8.683067855766787
-0.022738498050496103,0.3077862101284534,-0.40853499734973386,0.509483835169757
-1.0,-0.4788561645736449,-0.2764133851611059,-1.4029949644681938
0.8493295008127653,1.0,0.7983826149761948,13.279951404488743
-0.4694087616423803,-0.1941781350151357,-0.6642961460783801,0.6433521555481261
-0.14522418772267098,-0.4441355338138533,-1.0,-5.227784821031019
0.44698497015672145,-0.7837768595766728,0.7167251409417232,0.4008510926293883
-0.04848626875275586,-0.8165139132972123,-1.0,-10.468313700985087
0.054881087567802966,-0.6767834614698394,0.5123570826233017,1.258097204202766
1.0,-0.6112897009438605,0.5659652210586403,3.573297036664389
-1.0,-0.021505951703856052,-0.25905907927016103,-3.608080378335733
-0.6568838365987328,1.0,1.0,15.976926123232102
-0.16880477930944493,0.1622424344746538,-0.6616078644981747,0.30727256743440845
-0.7718740888058524,-0.4312260352925259,0.20436837806854524,1.3655926430685674
-0.04481128382501387,0.6143554167554695,0.5568048537359715,0.5377372179294366
-0.09290904475734152,-0.12446550830700187,0.9476752939066702,0.13129696390056006
0.19308183436399418,-1.0,-0.016111717644900825,1.2257377168649135
0.403799492700746,-0.5696201664075593,0.7791307599363062,-0.4796796059924127
0.32802512496005254,0.8235329228347674,1.0,6.4559680714723
-0.5230299053118528,-0.9004425166890071,0.7105801864949055,1.4726052890592818
0.36757648354317585,0.4383942770309457,1.0,2.648039093801545
-0.8317159546415525,0.14204537341137669,0.18882793535345055,-2.490355076431914
-0.5693015670680697,-0.15283462828226524,0.6038249643778442,-0.06765339148997107
-1.0,-0.5912658676446674,0.07944767859836799,-0.3933171835262983
1.0,-1.0,-0.5577769790290874,-11.580534008047199
0.7980907045839014,0.38234638161831325,-1.0,1.4624687744322604
0.8459551948132162,0.5888894581135049,-0.5483516132007511,3.085967317793708
1.0,-0.9318425462010496,-1.0,-18.88916577619583
-0.3646611973952478,1.0,-1.0,1.1141188567776104
1.0,0.3412509269443069,1.0,19.537042581873163
-0.834199587365388,-1.0,0.028587781897402298,6.798056071896678
0.7251369354948458,0.6093392915713167,-0.4716459482325237,1.714687537823847
0.13879030711619644,1.0,1.0,12.212089366327584
0.11304481893226903,-0.857706040815972,-0.33020121866230134,1.1530173222652391
-1.0,-1.0,1.0,22.68862816179395
0.7794707169889785,0.673095218635346,-1.0,1.5876872216728446
-1.0,1.0,0.2641153066609394,4.3083021569422275
0.6487161201484681,-1.0,-0.24651934076231186,-1.8083959300701042
-0.704810651810166,0.12278229110152816,0.004738515819610933,-2.0699100363568768
-0.31274199409745296,0.05758938607390962,-0.22035081190389172,0.4180741616165789
1.0,-0.9648300682823556,1.0,-7.458731659194137
0.19710500321640523,0.7456211472669485,1.0,6.110911140232343
0.02471541236146857,1.0,0.31035819447534796,7.745758673057936
-0.31538528811739863,-0.479115378003409,-1.0,-3.839600444255765
-0.6199488970354388,1.0,-0.6326996491052264,4.8381610353184215
0.19205373953763982,0.7070232930984988,0.00992144945263762,1.6093064604545897
0.18622398037896826,-0.25371566643868193,0.9921495547426282,-1.2596695946852585
-1.0,-0.3526253640527739,1.0,6.085580560120885
0.605560062665363,-0.08669595315280643,0.21207818149990643,2.064796787430791
-0.11361886673644728,1.0,1.0,13.989190228116913
-1.0,-0.998692748764209,-0.2659042787053354,6.5834890215479565
0.0039145916081246845,-0.0534004398816148,0.7074362597308335,-0.37945246647461023
-0.0035845044503139967,-1.0,0.18860467992338648,2.8430714039510128
0.36431764673038924,-0.27680116698217017,0.8065674515517987,0.22095365390547217
-1.0,-0.19685030535365144,0.10342827071012306,-3.9213628133112812
0.7367191620968403,-0.363524695700995,0.13730406467637013,2.0095310120931047
-0.26529943510945175,-0.7487872815876668,-0.30572235509191037,1.4754583502029432
0.03601008483467649,-0.08711993150764696,-0.12780052018934507,0.6673674819862679
-0.6308496047467282,-0.7326999291114016,1.0,1.8322028179451326
0.6122326595359391,-0.7806285737844814,0.9989842349391092,-4.909053256646724
0.24765024500531285,0.613751801638563,-0.3211080168002296,1.4327091871950792
0.3393957445673925,-0.23114812907259075,0.41062045371367795,1.2934352518185932
-0.480596906084618,0.6024163418904491,-1.0,-2.7507275056953704
0.4782926081281704,0.3506024654351869,1.0,1.7447641548246018
-0.26422920729209554,0.5202101861213764,0.1269731070269926,-0.14002327267255438
0.627787384591378,1.0,-0.6010155392167,11.495468777429005
-1.0,0.5093866066367136,-1.0,17.851572578324657
1.0,-0.8459847048823754,-0.9316108151651645,-6.587209834813155
-0.2188052058674912,0.07150811466076501,0.38974472644910185,-0.13303900818653508
0.9918828588013677,-0.00429116408429242,1.0,11.758504037686594
-0.0991654868217493,0.8357971939884148,0.6139659583614416,3.6145101217293543
-0.2914137057047599,-0.10365046462024119,-0.07070578639848524,0.7228933338128718
0.5996272941251415,0.05037306991196422,-1.0,-2.823141661043367
0.34051002430554145,-0.9623410458598511,-0.4410033272468059,-0.22133137427089744
-0.24518201304784704,-0.003147072482685198,1.0,0.27749630612823717
-0.802599196503702,0.2891313151460899,0.9590962637047165,1.3495725429381087
-1.0,0.7765334443245424,1.0,10.301778821889185
1.0,-0.28829453928826876,0.34675417454409363,5.4312055407085325
0.6212388260186426,0.04020943029916202,-0.5056668815573482,0.6410600584518616
-0.9431756290292461,-0.6388035103634764,0.7696572690624721,4.96139274606336
-0.32067655161569775,0.522957824243192,-0.24239386720482559,0.27285210856402375
-0.6274341219414263,0.18940091373840517,1.0,2.479529815479987
-0.4262111974653302,-1.0,0.5864535036011367,1.6008541986969895
-0.22380483550965402,0.33000237476540417,-0.694574089197123,-0.8891878701126756
1.0,0.7195107591365792,-1.0,16.695300826522725
-1.0,-0.3991097273048263,-0.8107103553580097,1.2571825133717387
0.15383574357905472,-0.3356092600328091,0.23887330997841105,0.3195581788387195
0.2736025038014527,0.4509008814654265,1.0,2.6659149530209736
-1.0,0.4885508581698077,1.0,5.0618227445918205
0.5569863573745939,0.23815813428763155,0.7783498023865205,1.0034284211716873
-0.05834569592196348,0.767984837077319,-0.5001844964449162,1.2397550220921822
-0.6893861632977962,-1.0,1.0,1.8144222141237731
-1.0,0.6423883789172982,0.7917154612368642,-1.859210613840965
-0.8973357410313345,-0.06724647785208604,0.7190330294736731,0.00759561028435618
1.0,0.07957792213069248,0.5797177432441825,7.387039494941028
-0.6061862784873102,1.0,-0.3943272194169405,5.633471836720765
-1.0,0.754018339446235,1.0,9.778296540187906
-0.7391076543073458,-0.19036356985721503,0.278231390940757,-1.2489885557788807
0.5838396063850277,1.0,0.8288411335067958,8.139153578093389
-0.5140599435395001,0.9286687159782696,-1.0,-1.5263958444843486
1.0,0.7540405512767572,-0.19789568198482343,6.486799009521461
0.3398471220278043,0.11477666370592443,-0.9707985368090859,-2.5511239774657977
-0.3495289315065975,-0.9626278543307645,-0.24257805116964049,3.05590678227588
1.0,-0.12648592439082362,0.44185183311046083,6.470444484119327
0.4003789178128916,0.30168735337316344,-0.4199472251753844,0.9453336655453732
-1.0,-0.26821312554157006,0.6306625676563027,-1.4071317965873573
-0.8430754492741985,0.33393118628878726,-0.4529704007358919,-0.886680795851569
1.0,0.30333092103284987,-0.256070801030571,4.982599839395728
-0.571450651791013,-1.0,0.44499419358399805,4.2248766221779706
-0.6631826632819564,-0.46797895839277937,-1.0,0.16819321293391676
1.0,0.3753537789218866,0.28586682497188476,6.996407637904227
0.06797600293375505,0.7894679830185898,-0.20627636585971354,2.0765583090764936
-1.0,-0.40016810369192224,-0.5698270354352546,-0.7726844920962362
0.013635019734176579,-0.9238148213237372,-0.9217522564778056,-8.207016894574481
-0.5726629398002141,-0.39837157875278884,-0.5471384835405804,1.3956924853696382
-1.0,1.0,1.0,17.16205259361277
-0.029627044395487356,0.9900028233557443,0.3453200164167487,7.1961425132090415
0.24884352398804666,-1.0,-0.2634411077883161,0.8683640061511704
0.33037683218471425,0.4621820881191925,0.22258192550612232,1.2681760846803392
-0.1193543477185861,0.5259793091504152,0.061674175534288445,0.11078269526974635
-0.2711264826622324,-0.25589318748518,0.2874849359619063,-0.04688861172910419
-1.0,-1.0,0.10701538745860639,8.446858082648106
-1.0,-0.6360129410014401,0.03490668654555362,-0.2352080068419497
1.0,0.6289712989246099,0.8209170275127571,15.921997818636736
-0.8235309426607125,0.273088187511348,-0.14174636273441132,-2.7024777005630503
-0.45173415656089677,0.7169756306273471,0.21822798457046555,0.6902690598522835
0.27419505522967147,0.31687146244152364,-0.401831139840809,0.8243435834883333
1.0,-0.9655928754594609,-1.0,-23.458664320398466
0.44836005012013014,-0.27099954953072136,-1.0,-4.177042684389941
-1.0,-0.7092153578340232,-0.14009481947200486,1.5406114760464424
-1.0,1.0,-1.0,21.358559562998003
1.0,0.7434029832253006,0.16620236143054457,8.257025196952382
0.7111220652557235,-1.0,0.6981093302803034,-1.62393091433966
0.13489691531272596,1.0,-0.3806670062595121,9.096009420722186
1.0,1.0,1.0,25.83543536738178
-0.5380514978637068,0.5642200468783491,0.17359675646651307,-1.3078238587225297
-0.828372682270929,-1.0,-0.8939512498104261,-0.9615705068601592
-1.0,0.1873290884530896,0.9006787684288626,-0.663265047632901
-0.8423285052788128,-0.5525700717314446,-0.24037178788682523,0.6916101054453592
-0.532462825730188,-0.035513896602305195,-0.5864711703950305,-0.03687864163338875
-0.10254145862124142,-0.03229323889269331,0.9657083775726436,-0.3086813196148126
0.13746244335537794,-1.0,-0.17635085113232885,2.104712772928941
-0.04666080287672014,-0.6139872119877952,-0.34017129879234864,1.7714580978238241
-1.0,1.0,-0.7510697852382924,13.215529754443462
0.5888107996634129,0.43498508552723836,-0.07656923188237563,0.5971352996429602
1.0,0.49254798861669435,-0.03920406371301244,6.105683300942451
-1.0,-1.0,-0.2562722414696874,6.074240242514486
-0.6747597080402903,0.49442802732233204,0.5702194847321735,-1.9453387207337176
-0.5335870358781962,0.22107043074026622,-0.38392251327418414,-1.330660261947788
-0.1168219963515551,0.0533866693705658,-0.26219193489220816,0.7445665079528453
1.0,-1.0,1.0,-9.389262922665576
0.8903489655549912,-0.9318709987985934,0.11175223693658132,-2.8566779287064357
-1.0,-0.1260064064973221,0.8467251499318063,-0.5619339437402022
0.2117492069909228,1.0,0.8210440701395343,8.502928704233172
-0.5541475353649248,0.42203166103211087,-0.08809961855507997,-1.8545116895137284
-1.0,0.8520879568239825,1.0,13.806615815083454
0.4356714082392621,-0.18620994509685396,-0.6139069984574033,0.7454537573898876
-0.29750069163904413,0.3211588531684155,-0.0331260116951857,-1.1370728174775295
1.0,0.06714253206320997,-1.0,8.942593116658243
1.0,0.8775361114001088,0.33505872542026394,11.097311593055979
-0.18687125901893475,-1.0,0.27976658598283555,2.6093348637708207
-1.0,0.617630278567036,1.0,7.023736705985054
0.9304951889322486,0.9317497345130326,0.12920463376422098,9.143603916287658
0.7827404329855521,-0.9778432685396274,-0.027400569031357014,-2.846508536350597
0.9524759273514869,0.9995168123080025,0.07892289612715575,11.294936577638596
0.6009037900507186,1.0,0.4387289508308285,6.7092694948404095
0.06370321541084012,-1.0,-1.0,-17.656648534071326
0.8574946411870257,-1.0,-0.09612093114023312,-5.209134220685756
0.06741361547583025,-0.6535115563397811,-0.6447699150866297,0.41759964125133303
1.0,-0.5416272616106914,0.012592806657350852,3.5965021944991293
0.0046654311258362835,-0.9221267025370501,0.744333358513168,-0.38439210638337823
-1.0,1.0,0.350826397740992,2.1513245544063584
-0.45391088634865495,-0.7897483045765319,1.0,0.040293519735808234
1.0,-0.8711870587023822,0.00981390394173487,-0.7371164530324132
0.3272852575687588,-1.0,-0.8280628100189507,-9.801692791745522
0.5629967863615923,0.42929266540729305,0.19438837110897444,1.4279938274285076
-0.4108309811242872,1.0,-0.7205417079588934,5.523500452366839
0.6356402738011315,0.7904240331060457,0.2315635074564102,3.3514380554719
-0.6256566533879355,0.7283003614827759,0.9315279393614295,4.828129076662461
-0.6182100959443977,-0.8687057253412145,-0.0841520421948796,3.480305988670645
0.4238849932401856,0.0715633946815255,0.37620154049460464,2.0361318885589146
-1.0,-1.0,0.2857076192009329,9.680080403622062
1.0,0.992050867535516,0.8123055408467821,18.567020479121695
-0.6575126200854506,-0.010861671757500524,1.0,2.4031616197760464
1.0,0.9649140740472637,0.36792039235733354,12.379942593506904
-0.38066524277237757,0.20871736931311013,-1.0,-2.5083479848159516
-0.029892428237688007,1.0,-0.30089654336889615,8.978571140645142
0.24029532267798803,0.10157047104134209,-0.04570958023117089,0.7320216790976829
-0.6465045820549278,0.07267537502081067,-0.08631862442487237,-1.0445671324789858
-0.8658015864008162,0.45067881181888936,-0.28276121148876365,-2.071006512796511
0.25827856230127755,-0.47561984387578815,-0.4501656489511918,1.2460358564575682
1.0,0.8386850056016026,0.1991944695446819,9.769159491830337
1.0,0.06990873754798876,-0.9250407499834339,8.533008911952829
0.06194335618791258,-0.2537514408040302,0.42376936665709963,0.673093840863474
1.0,0.06911174798517505,-0.7878943223155352,6.703088363804388
0.328736628096699,-1.0,-0.34064420165244047,0.07009990839636013
-0.838353750601692,0.33477071438644845,1.0,3.7877989404551586
0.2732653919622676,1.0,-0.5333867482158652,11.047065122940383
0.2831551777664505,-0.8270889002520765,-1.0,-12.216197845489111
-0.6937346513306377,0.7959782887965481,0.856526005740986,4.105274848817253
1.0,0.2920469236148666,0.2622526892171473,6.578133577713807
0.41396386232390636,0.8663592832409053,-1.0,0.0008472470146616562
-0.3163540568769203,-1.0,-1.0,-14.327027143418094
0.758959450557555,0.3539424577453383,0.6873562379575731,4.555959027236456
-0.8281620824043558,0.9871425661905135,-0.07787949828814811,4.373718988678238
-1.0,1.0,-0.3597550659525337,12.052882233359407
0.7274736218113673,-0.025513039380165026,0.5591333108072734,2.639473995173949
-0.7510289642738428,0.26911483145601145,-0.168942932795916,-2.3527208364042713
-1.0,-0.0924233867612052,0.8918438754680706,1.3305479936859195
0.7039505269735244,-0.6819645082072652,0.6129454695226597,0.8296455767382306
0.7086490258172484,-1.0,-1.0,-25.089208673584764
-0.57152726051075,-1.0,1.0,-0.8118919863402607
1.0,0.019330185309160974,1.0,12.608307706277634
-0.4655497894816063,1.0,-1.0,0.24318763820596212
-0.19061240018016123,-1.0,1.0,-5.940169163824984
-0.3256337695362326,0.7483917323069498,-0.3889330450267614,0.36516186177660315
0.729676073550686,0.7407504801932856,-0.1305093615416435,2.7108194422141025
0.33610716921357686,-1.0,-0.6086600114725038,-3.4197390161196197
-0.5283822458841789,-6.845007919364932e-05,0.9228068197353125,0.6721271268622571
-1.0,0.7812389714030261,-0.7769113191029742,9.627069181697692
-0.9558370102482707,-0.8364273887064928,0.2131913411404216,5.408715815050483
-1.0,0.30662533160172867,-0.27228531140888546,-2.627827657681929
-1.0,0.4451297742945446,0.8115313690177499,-2.434046741296082
0.15280309328165065,-0.3500569568769365,-0.7891581417212108,-0.03952528160229623
1.0,0.32258529546010783,-0.16520050418488497,5.033796181378113
0.9276035940575618,0.7561037324644502,-0.18465483149654927,5.842385737816256
0.7837643381881274,-0.15652612181419778,0.3442536623706278,1.5427297305780037
0.870084715978473,1.0,0.21321968700297322,9.586059772487166
-0.0449046714162431,-1.0,1.0,-5.525709342518686
0.7630715948955948,-0.021759476479631834,1.0,2.9205912530280456
-0.2655461629046161,-0.4057043370071063,1.0,-0.3218652004980654
-1.0,1.0,-0.8881538613224438,16.390314297382186
1.0,-0.2022763387771569,-0.041182224695955894,4.088975613058404
-0.251408409918203,0.3868014930481247,0.15474165785954708,-0.22122523544803943
1.0,0.8718037926052744,-1.0,24.396278038626324
-0.49173158433164366,0.7097839062531213,-1.0,-2.738340981531247
-0.39433512699162865,0.0020637420045173105,0.16241618267146274,0.3432182503739076
1.0,-0.9566890958017094,0.8038875060515964,-3.1771931771132307
0.1847283856116222,1.0,0.3744641047912205,7.555266434071936
0.10682539393919321,0.38342967306412645,-0.3201126251099615,0.22113639678666736
-0.6944039034591307,-0.7390001558338084,0.2670653658477087,1.7159895992498484
-1.0,-0.497339404792444,-0.6322137041956519,0.2211716366819366
1.0,0.02033062984807099,-1.0,8.146205421147927
0.7673145741690437,0.300487358364526,0.402425764672496,3.000529406432543
0.7930651423725825,0.8800001482629025,0.5882931760983994,6.410194474535636
1.0,-0.028404284753697828,-0.6988239774116873,6.2600808383682995
0.29171796957549545,0.9302107725514877,1.0,9.078036774325428
-0.25454846911980034,0.07785735697544194,-0.7799638768497796,0.08902945205666021
0.46366173238696096,1.0,0.5533220283542164,6.764654818456015
0.22411676996662333,0.37339862293048154,-0.11347397552763705,1.0304382528297582
-0.5068384615161365,0.742984069451156,0.010704535296153006,-1.183727490352869
0.027193792562389962,0.07509428754950487,0.8982179750389081,-0.03379782842527364
-0.4083669568455597,-1.0,0.44746016434842684,2.937872300085587
-1.0,-0.44012111172525614,0.6170146414166522,0.5795159101614021
-0.9718199238832792,-1.0,-1.0,2.9806832945875583
1.0,1.0,-0.7590860090703642,27.61473599018552
0.39901392764062327,-0.7210049185897083,0.89315288108528,-1.6577112891499297
0.10043341862710697,0.24960874727425986,1.0,1.1453525621877143
1.0,1.0,-1.0,38.632139839100226
0.3154859334561537,0.2278908398806243,1.0,0.9473827996398364
0.004596826392942788,-1.0,0.748552335343653,-1.7893333782912355
-0.9739502451371471,1.0,0.6663479743857956,1.178697705104277
-0.5594547032671964,0.4405715565408257,0.8101472119977433,0.20573861790021064
0.8861252795690229,-1.0,-0.5337821857689868,-8.672940744349264
-0.0495330148505011,-1.0,-0.6645711324981785,-3.084868733664499
0.20010301787995033,0.06932741784047791,-0.171099941160489,0.9076870786205076
0.7905303642984167,-0.17497268142836453,1.0,1.586766981269008
0.16532178586463586,-0.1510593694387603,-1.0,-4.2559552885849135
-1.0,0.7771638093434099,0.19574580316417411,-0.629330266522893
0.7230726657776658,-1.0,-0.6527890937365222,-7.905093324394156
0.44088577938808915,-1.0,-0.7869243675646229,-9.456656855448982
0.06216498776112789,1.0,-0.665987759916771,10.698216673491231
-0.11485973832556429,1.0,0.11940805498629814,7.543018576291035
0.6265465966652997,-1.0,-0.9276597307285568,-18.679775452804282
1.0,0.8140497430927127,0.1073113688496885,9.811304354037325
-0.44813576053542725,0.4426994182855062,0.10567637280081654,-1.4476875553459032
0.628470927981597,0.9071389050593894,-1.0,3.4402020664809942
-0.5274667866593343,1.0,1.0,16.34796687785914
0.7355254069821413,-0.4257189803214605,-0.09011783859232003,1.1943120531928053
-0.7751903164407479,-0.19450139022504143,-0.9155326496648848,2.668853520905505
-0.03319668597893877,-0.41492713647526047,-0.04296458184323515,2.3348600773304136
-0.08586005634609406,0.07813698689092496,-0.1988901046340925,-0.0564826721740897
0.54107572320322,1.0,0.7150579076240229,7.708949497051188
0.8327300410865439,-0.5827539347945745,-0.14769807374982125,1.6627707930041218
-0.0038706165544508675,1.0,1.0,12.503855913658942
0.8431452598527736,-0.3835148225735183,-0.06056762887572109,2.8081931942170306
-0.31500710318977165,0.3096644506743418,0.27278673139615917,-0.686039741956977
0.45831581700353463,-0.6100117935368006,1.0,-4.067789845606841
0.05019634660818806,-0.11012300232205652,-1.0,-3.3362023359907047
-1.0,-0.8905818660277849,-0.660750881148618,3.2135121033043084
-0.5520856471887803,0.14359127746022393,1.0,1.6232709763399207
0.7203938890272348,-1.0,0.9109837187163401,-3.991072507101124
-0.46691591931557186,0.19703080394672123,0.7364360735148392,-0.013428634634261805
-0.18228989180839328,-1.0,0.8779386666785272,-3.245450614901442
-1.0,0.3721540796528058,-0.36823112401240277,-2.188649993634921
0.5504428058732811,0.05376694780429836,0.7229292976337156,0.9662525815252274
0.3443448112019112,0.9726969006604227,1.0,8.956985125568323
-1.0,-0.8956427103955422,1.0,19.897817540932184
0.3809910277457811,-1.0,1.0,-6.976876709498919
-0.29131013077008383,0.6929123669554553,-0.18454093616673473,0.060496145088092174
-0.40030991497774204,-0.27461672165331197,-0.9339976955064222,-1.455583662347668
-0.46856804060246016,-0.3033834513930369,0.06110989198322159,0.3291425367125185
-0.0340758805491328,1.0,-0.14588367111801492,8.2534327408958
0.41539763151156706,1.0,0.671768824330081,8.055007828325152
0.35399358430883265,0.4681870850438461,0.16507494234795272,0.7472889157986553
-0.42073338373594193,-0.36312365366104205,-0.8624861007357849,-1.2227358187982902
-0.9043988464225017,1.0,1.0,16.116789885472155
-1.0,-0.32550406373973484,0.6019953027936209,-0.9096444092062321
-0.8165117186945376,0.5766289839870569,-0.5925518014187405,-2.829116723932078
0.11668264411246443,-0.27614572056470754,-0.6932781993440695,0.6788067330585689
1.0,0.4086524090842647,1.0,21.000413791900417
-0.5937816849926938,-0.430315948915168,-0.3023051561858541,0.8594107994150086
-0.5851365830618434,-0.3894900509388224,-0.9174337622716346,-0.3005515648747512
0.46608104771595826,-0.09224916134003958,0.09302591343293187,0.9009564970053544
-0.5422806611397639,-0.3097616801025951,-0.2842719675036087,0.52395672367138
-0.6461185993773704,1.0,-0.5601750458446653,5.12311231941527
0.050903172240228445,-1.0,-0.753697710632361,-6.575296772906427
-0.5227910193729743,1.0,-0.3088956373687519,6.730708315608645
0.08205556684166959,0.04013403531459736,-1.0,-3.0299688268835583
0.22794180839503153,1.0,0.5872975081254947,8.168831600133847
-0.14811838422505264,-0.4946199915251721,-1.0,-5.042168119412023
-0.5660780270861254,1.0,0.34947935721556544,4.659972826303944
-0.18649331837849314,0.24902587702359558,-1.0,-2.441583166066366
-0.8767272188061979,-0.6886696532665662,1.0,8.049423034222338
-0.3027929099685056,-1.0,-0.8976880456818408,-9.707356247709965
-0.13730627939529327,1.0,1.0,13.780043091222874
0.31004502701575243,-0.0006786854784339713,0.5250273374855647,0.4936302455943869
-0.25363869640995795,0.10414494574374777,-1.0,-1.8527533590197731
-0.6338294232264166,0.14962039210386657,0.4147137266285992,-0.8363793476154863
-1.0,0.35655843299083534,-1.0,15.939862102369755
0.7900708823487692,0.41108524874783137,-0.17730495424141846,1.6702478191247607
0.4277188878659297,0.3481435101026884,1.0,2.008229679453353
-1.0,-1.0,-0.07580275527073654,6.325990604905766
-1.0,-0.1411482406048088,-1.0,9.941980247708353
0.20983823065207496,-0.4618915323768822,0.2173401580431613,1.4328601240303462
-1.0,0.9157728139236845,0.4175985714377515,0.3380372743912057
-0.661566954194784,-0.6935359275274411,-0.32117654527291717,2.4830760020229254
0.35711148920417046,-0.05596019796001506,-1.0,-3.571557838766792
-0.7906574881645334,-0.2230109720943052,-1.0,4.044018405876759
-0.7987212783681323,1.0,-0.6101065553188194,4.12193990278409
0.47872772949748965,-0.2939443854227226,-0.30675260509293056,0.7869009656421669
0.6431782448057628,0.8368742576266792,0.34909722261793275,3.369172094992191
-0.467539875373405,-0.10702387000582747,0.7667786413007349,-0.9155879376624905
-0.1059504142785368,0.18103232887344878,-0.15784282049621456,-0.04003829830889394
-0.025364004477462787,-0.9771468743121239,-0.361771374505619,1.4276105136484074
0.49210951818547377,-0.23825981284619435,0.7786295583020992,0.5231420181228901
-0.8342384544880554,-1.0,-1.0,-2.725104119739012
0.7042963386778247,-0.9586154216166827,1.0,-6.889333344376617
-0.06543081996076539,-0.548983059059621,1.0,-1.4252964871843703
-0.047776925441767926,0.5348036448371127,-0.6240682571319975,0.253601580505331
-0.10632826637813686,1.0,-0.47369797988755624,9.563440620138023
-0.9372252371728567,-0.29471984959607167,1.0,4.525989234560491
-0.37885649049537107,-0.9331005325818209,0.46785495236386154,1.8778348488218537
-0.059748367172151484,-0.004993729514531253,1.0,0.18555638780250272
0.892701566163973,-0.023496600772992426,-0.44589167399886387,2.7647622202085405
0.29961788664603217,-0.39466335874955005,-1.0,-5.570550264518955
-0.704117041325792,0.8826050559872596,1.0,11.706200886441781
-0.6631915020196109,0.8979619775246779,-0.22175834377112214,1.0134703722372493
0.6111843711957423,-0.463107458600152,0.6873100827664462,1.3011228554207879
-0.08463479479727165,0.7351128186043601,1.0,6.788896253309503
-0.23440783626021577,-0.7557597814428569,0.41087018646873474,0.7760504024499335
0.06993324069644724,-0.42319293605471553,-0.11948053671877146,1.2838537273065793
0.5074135573999292,-0.07565365583115202,0.4513296689223951,1.5341737574651373
0.8979178378199424,0.04139427790623329,-1.0,3.080573816693779
-0.28046876992420855,-1.0,0.47677787098709246,2.3494981378808135
0.2756949721339268,-1.0,1.0,-6.673181992957107
1.0,1.0,0.3889642142994889,13.389515634276526
1.0,0.21615412773883125,0.5956435155124691,8.51120232907503
-1.0,-1.0,-0.8947107119830449,3.060097957299488
-0.2830255858382589,0.36016381792361374,0.16065168492556547,-0.3486672724557429
0.6720932629474659,0.009232971652458843,0.9021499072670534,2.192191425065791
-0.6528704317873562,-0.09775205619540905,-0.9681939601036671,0.8472872894397832
-0.6206125845754771,1.0,-0.22707773687165478,5.568680243247278
0.37370969955722066,0.37196791266820894,-0.24690386078080784,0.9919252595824087
0.5408933440303769,-0.3035623419572684,-0.09204931576854514,0.7821418018858353
1.0,-0.3125425064372567,-0.9038153331936212,6.8464125530577045
0.5767610856780094,1.0,0.4825312053746913,6.7204459431430195
0.2015032757928652,-0.18254490582941885,0.9746441512537445,-1.3081371716002856
1.0,-1.0,-0.42297537656906603,-10.956112983850051
0.2885652054411112,1.0,-0.03623931768825983,8.241691638795428
0.17887390552156024,1.0,0.1382251106977226,8.478760110793463
1.0,0.5508719667980218,-0.14410585414351584,5.237983313241157
1.0,0.3770069463934933,0.481193513403688,8.804145787132219
-0.4772161342412842,1.0,-0.04394234003452757,5.444706363294193
0.5494681272388171,1.0,0.2788686906019646,6.243280022428082
1.0,-0.028260807568039503,0.085236819731495,5.460595162896345
-0.0684786690834065,1.0,-0.8417766931748478,7.388306806561832
-0.6644442428187156,0.4559454385823516,-1.0,-0.019200062975740423
0.05568403238883857,-1.0,0.10980337447666311,3.095431796560372
-0.15089794922379007,-0.7070513416881872,1.0,-1.5769355058678876
-0.5282942658304213,0.35764221178973776,0.07039119318899978,-1.5922330304095091
-0.43222195709883904,-0.6619235471417964,-1.0,-4.841789630570214
1.0,1.0,-0.6439821561965959,24.25185633880937
-0.8816996663074494,0.3519692953627376,-0.7244473882159088,1.5264699488074152
0.9227616451502707,0.11018321767781525,-0.39418757290200146,3.706449778967318
-0.03329186779897286,0.22459215030368007,-1.0,-3.0470913678372695
0.21060474180782496,-0.1398833157967887,-0.6846847061850632,1.4646396837380529
0.3030242289872813,0.6821714842496944,0.14667116144227155,1.521589628098503
0.3041020647591808,0.5130386999068628,-1.0,-2.983709761254719
1.0,0.5565956921059592,-0.16644615338767332,6.523103917135906
-0.22080617274706515,0.13640622192738827,-1.0,-2.536085109310806
-1.0,0.3588244061818089,-1.0,15.49075211083904
-1.0,-0.7194254394742188,-0.20992245749609206,1.552039557207078
0.6684966933783256,-0.9616627850949397,1.0,-6.248275648349693
0.24920617309616966,0.38990408262715603,1.0,1.8952519841181918
-0.10178154713674403,0.761727906196263,-1.0,-4.042636381880606
-0.7940831369575068,-0.0809524133799211,0.11521500673920904,-1.7907903732599049
0.9172614190265764,-0.22628066423671278,-0.21644150071037194,2.592385933533715
0.7795036137300992,-0.7293586436802746,0.6105076857874203,0.8531097610333587
1.0,1.0,0.4363483246569331,13.393104394582709
0.06652127173235045,1.0,-1.0,3.7695242014996424
-1.0,0.7011442456191894,-0.5697317239016613,3.6641737329792505
1.0,-0.8144509170709804,-1.0,-8.182063038427767
0.7748931467986249,-0.34587347438406346,-0.930360428603767,-0.5067960736279099
1.0,0.31159808768943,-0.3243832872916175,5.3075220345342995
0.9714575782256989,1.0,1.0,23.81037729072369
0.6272549159438376,0.26029009737874076,-0.16615396841155738,1.8023671539227313
-0.7999266980807564,0.09196708392043562,1.0,2.5220513781599996
-1.0,-0.8491147023943417,-0.7307673875341307,2.985354154383841
1.0,-0.2523549248768455,0.12938303769945025,4.703849472360072
0.3544825460811196,1.0,-0.578453775647713,10.538580595667591
0.6775321492163027,-0.6424423079125314,1.0,-2.7309490514042603
-0.6095115492016081,1.0,0.5781977564376399,5.749657719112198
1.0,0.07602234545408337,1.0,13.26899623097792
-0.3827660482385622,-0.6616201496537693,-0.05911491116115064,2.44195782545181
0.4121331947089506,1.0,-0.18268477771421376,9.91129520102335
0.021796707102331503,0.6214318219930377,-0.9533356641900546,-2.5329631176683387
-0.4618682534110774,0.4219633575211448,-0.40767208755233186,-1.4786828499189941
-0.3547134952135069,0.187469410327606,0.7283672189354888,-1.2042432886230439
-0.9283142213011106,-0.03611204439311089,0.36013853214601466,-3.186512553898336
-0.3863937207526651,-1.0,-1.0,-13.486506793543386
0.6352998614948173,0.22144892172918018,-0.35529772941077353,0.8506813697079214
0.1684814395023928,-0.5164634257664125,0.7019180059529311,0.13894179744021254
1.0,0.5887799735021431,1.0,23.44938433796069
-0.11217097590476754,-0.49174584469272764,-0.48627518030934347,1.3305078911184143
-0.5512134118055212,0.5317404235824896,1.0,4.498468941008537
-0.16144617634712732,0.6091190380864893,0.6341016844010332,0.4826317223037683
0.049494884330708144,1.0,0.9065580579589754,11.791311041611378
0.9701320448484341,-0.07025630164724572,0.10602714716503558,3.5278586231118387
-1.0,-0.13770022592973263,-0.06599346563548769,-5.243425582050036
1.0,0.2071012285226117,0.8848580195962155,12.483213911771136
-1.0,0.017810790924898567,0.1285096504051555,-4.067840144087948
1.0,0.1116657864330779,0.5883671702394331,7.7740572677961035
-1.0,-0.0490478645231327,0.25973794801812256,-4.797185180823282
1.0,0.08112034749403763,0.7728201838043276,9.837394322053783
-1.0,-1.0,-0.9602814302538663,2.801354982632311
-0.03215342942581412,-1.0,-0.1308135143155149,3.5016039008868654
-0.07499828696001543,-0.603770671432875,-1.0,-6.304081115492175
2.8214227655087853e-05,0.07812897337796287,1.0,0.5690118271065875
-0.9577421931691763,0.3982129112753645,0.9125039636670658,-0.11633597790989397
0.23963571326566124,-0.09402057179128209,-0.5269402310958873,1.588052526640956
-0.21424139190442437,-0.022569119485131406,0.4679460597800953,0.422882698111919
0.8540835004449283,-1.0,1.0,-7.940143989830695
-0.7708569020701264,-0.7762200830808303,0.40499673937720626,3.4191675682434615
-1.0,-0.9084748243758587,-0.9769752686210393,3.6731282665705955
0.739917598956328,0.3805255731508572,-0.09088345298873834,2.0392355379557023
0.3301226724013886,0.7769867229616612,-1.0,-2.829551162939292
1.0,0.6657577945818867,0.4584080891651643,10.390386043562236
-0.1667459497298298,-0.3066904206957646,-0.8640580846454016,-1.0448377697215099
0.2173171370642999,-1.0,-0.4202348477327993,-0.273188476469207
0.03578447703487275,-0.8974824135686319,-0.07237154862621376,2.517475848435949
0.6307847741024097,-1.0,1.0,-7.1477513837474005
-0.22876665538098395,0.19451999780418383,-0.05856266352428796,-0.10330045629577643
0.9086429645392786,0.016026873892643234,-0.34237995784105224,3.2671146467791163
-0.1503154902702033,0.06373018164959965,-1.0,-3.6545431234958823
-0.7949247759050018,-1.0,0.4079918257721227,7.48376318555241
-1.0,-0.2718079298290088,0.5357141600565032,-1.4601913747661022
-0.5340738802330389,0.30573304046714167,0.683812516195941,-1.0984415779151913
0.6691106288951143,0.9558271493264128,-0.20037974469440778,8.343983354912012
0.8779439272021405,0.16280868529276105,-0.9346470655820118,4.862986646945621
0.6783611865916674,0.39535615985742933,-1.0,-0.4589595114355468
-0.06540605005781619,-0.769918556267339,0.44569308775037175,1.0504247212118805
-0.8622731989789874,0.2747835416357358,0.8467654818787747,-0.6326592670736226
0.4564667033032792,-0.335040932937986,-0.38338614385478653,1.374743947107529
0.2902145950721535,1.0,1.0,10.668182217074202
-0.3344327321137832,1.0,0.3051513524528351,6.298284831419455
-0.4104954347352805,1.0,1.0,15.277685507333032
0.7278798612650981,-1.0,-0.5966151187976596,-7.148996006755406
-1.0,1.0,-0.2706563246451348,10.88044706400903
-0.4827891756915548,0.06488210652994297,-0.20132581341928923,-0.49085737490024267
0.9131246189320676,0.26412081571128354,0.8714983760000086,9.85693786019609
1.0,-0.011051074801076588,0.6770807985672334,7.777347797942155
-1.0,0.7553090068688499,0.4741357181359771,-2.719071849536286
-0.8454629105405147,0.2655527078442774,1.0,3.466538888594855
0.9869659386641498,0.6346685154335712,0.1662158528759312,7.582161477594364
-0.48801451006789476,0.1068354847220121,-1.0,-1.3518418653469915
0.40462364162066944,0.8667990563736288,0.9239289319957393,7.0638465283949206
-0.5276323097111852,-0.2121881868293365,-0.419673612301003,0.711607371104874
-1.0,-0.20840786391105248,0.2710230438560539,-3.4762111366741375
0.3408902254119297,0.12003719197541995,1.0,0.8448350998939309
-0.1470906423448115,-0.8386611160380615,-0.5039909148586199,0.61356950981829
0.3867121996549243,-0.20881356289837405,-0.4633709323387414,0.06394484412139412
0.8416504169162797,1.0,-0.7611181941516585,18.02933105209247
-0.7481718612503723,-0.18307268078199979,0.29942989669671594,-1.1782361317127483
-0.4142287383298331,-0.1290125870778005,0.5418686090501159,-0.45651588863685866
-0.7445835081216508,-0.2537124463774114,-0.2768722325505055,-0.22727508428321117
0.4879635627020038,-0.28272079720295373,-1.0,-4.530633069745664
-0.020226964667862113,-0.2338824392436365,-1.0,-4.339202092830234
1.0,0.05090428232173405,-1.0,8.643075669002782
-0.24236322380766828,-1.0,1.0,-5.189194895174109
-0.6782200231402873,-0.5151744879667828,-0.9509180366325893,0.5328689424760451
1.0,0.12484453771742166,0.005035948386352906,4.853210665639156
0.15917122202870226,-0.0013010744448025413,0.5889580778273,0.668060406369656
0.42464990153013527,-0.4455867057611178,-0.5334340293903468,1.0775081863897493
1.0,-0.4344724918097038,-1.0,3.0409066849680193
-0.3538482079168246,-0.6411411765411028,-0.4874333007541354,0.962135298223236
0.4288415718897318,-0.14574011734337278,1.0,-1.6393432096823368
0.2705219620866972,-0.5935846962482683,0.13017851917319212,0.8628271986436234
0.37332720342069514,0.9152588704890339,-0.09110805727355542,5.062187777710883
-1.0,0.11979098746734551,0.7835376356430774,-2.3117533853118335
0.8873667491292789,0.3005865777177319,0.6164924507880101,5.7640729466267455
0.3690582383663996,-1.0,0.38168397548127797,0.8582594794799407
0.5422958232421982,-0.08485737118408432,1.0,-1.0565765653220127
-0.5441606296171826,-0.6060163235027451,-1.0,-3.5606067696118022
-0.3021822939173511,1.0,0.4228485690983046,6.848009008916601
-1.0,-0.6549565809581948,0.5113806796764886,3.2980659379964177
0.868459864925933,-0.05012355371591992,-0.7781311003802251,3.5178763228448546
-0.16922522193010026,1.0,-0.33981040326359735,8.721628508258283
1.0,-0.3601681853441472,-1.0,4.051253061756946
1.0,-1.0,0.31194426654413165,-7.029740081343678
-0.6129423788429471,1.0,-1.0,0.8280427363583001
-0.42099214611285607,1.0,0.2805457493248307,6.106150717528912
-1.0,0.7949576787733479,-1.0,20.010271785809
0.5158398728987215,-0.0013199162945312093,-1.0,-2.5200899414138895
-0.01602670405373252,-1.0,0.6089662083117917,-0.15039982412538144
0.9130908756253522,1.0,0.018605244158968137,11.78446171599389
-1.0,1.0,0.8045913220572212,2.889106056185737
-0.6039963680028162,-0.23113277219663697,-0.6845313111931055,0.008223098156559416
1.0,0.6161992735249531,-1.0,14.248528384256295
-0.966026031300522,1.0,0.82340573434564,4.619058584213322
0.5044443590642982,1.0,-0.35080973047642217,9.819584378958798
0.18183785371564842,-0.4811921589027739,0.39127935494011035,1.0532328527028672
-1.0,-1.0,-0.09795864031969548,6.696433352169498
1.0,0.511841733219758,-1.0,12.284498417852673
-0.703962259107958,-0.08249771383031645,-0.8872074268587056,1.3517617258778427
1.0,0.4148766633579368,-0.7418017310608793,6.794108123219984
1.0,-0.7628943789665101,-0.8290312871300181,0.5081540750152644
0.13168144466373333,-0.5552301000236728,0.42584774419274574,0.7527851624864136
-0.7161229440937846,0.4626989429540931,0.5608158699824259,-2.184433775470055
0.35017205587930267,-0.5785925488729535,1.0,-3.214892207699544
1.0,-0.05910264438098167,-0.4948674927976884,4.790102762721288
-0.07009874301845231,1.0,0.1390801306378413,7.405678300880541
0.3808174044979771,1.0,1.0,10.124561418249831
0.703726227350441,-0.6656342872414385,0.6859257798471843,-0.4384946298558714
-0.1180002692199178,-1.0,-0.7272262829986649,-5.009774657859741
-0.7255097825833248,-0.44989261806370817,1.0,3.1115073956192214
0.6229271208711338,0.13828840788593966,-0.3383671781502484,1.1731571453777816
-0.02322555134960047,0.19513981886254772,-0.5036216631394259,0.21156433521097057
0.1834631607317665,0.9809705461536782,-0.507570327398662,9.16049528557216
-0.8471671140508843,-0.2280101344429013,-0.8597746435425708,3.153741410431034
-0.8637086956762758,0.8894223164422979,0.3647732109323778,-1.3265524521684675
-0.3623078684065051,0.6280072139955202,0.7086300422091603,1.2642189210298242
-0.4797829416872281,-0.19396126622320975,0.18359604612479385,0.5758124076204315
-0.07823785548369,0.6987537222663032,-0.9714354260848252,-3.5944430439299917
0.05731307661120777,-0.16418975325568574,-0.5846614010131912,1.417368282794202
-0.816771718098281,-0.49869664692787685,-0.498340823327583,2.6470809168856873
0.373886610144895,-0.5258781500717356,0.9169572816940941,-2.2795806872396014
-0.46219847553251814,-1.0,0.019813748695770572,3.5772709960194606
0.8037089102776789,0.6165781881715113,-0.19298883833736902,2.8976742799384647
0.23685240166416444,-0.6065470279954788,0.1446460537722658,1.5231511656455352
1.0,-0.6105457175332039,-0.14542401325487853,3.225136556656626
0.037872239531651974,-1.0,1.0,-7.20247630633869
0.8703496267307671,0.5415972814457866,1.0,14.48452928687795
-1.0,-0.8401204041214119,-1.0,4.354718389148892
0.23830541639162806,0.818602674831779,-0.4610283359962546,3.0585980441493
-0.8785833286151996,-1.0,0.15761408319660752,7.648810809095266
0.4927342575280409,0.2356570900976842,-0.9204974262389125,0.15301779386398429
0.49062348232671793,-0.0035266922064602912,-1.0,-2.6481549938272675
0.4305524392490545,-0.10919481174199386,-1.0,-3.451080760061262
1.0,-0.2301771917991875,0.005030811599551432,3.8224473876591283
0.8997465503681872,0.8832245523438271,-0.5540296763393482,8.319128518257774
0.6829977952140034,1.0,0.6531308418223476,8.010799198941177
-1.0,-0.24327506448199143,0.9139007910067631,3.194876668057964
-0.7391600868489985,-1.0,-1.0,-5.395640968884691
-0.5149784704344387,0.11474111755625782,1.0,1.7124451976059956
-0.5266712843190207,1.0,-1.0,0.9282901291121429
0.299675577388552,-1.0,-0.9883837800401323,-20.250373056705847
-0.892224906441818,-1.0,1.0,11.744556162199352
1.0,-0.2581717968288395,1.0,8.273267680677694
-0.3231089286140365,1.0,-0.06830093183913966,7.534856140029365
-0.7594268058536264,-0.4409930708339682,1.0,3.60701628600652
1.0,0.5769778403236296,-0.6136193388503075,5.839685637296407
1.0,-1.0,0.6761128787508095,-6.913436789812479
0.23736332126589055,-0.10658281122538638,-0.16763752914134544,0.4143039083972577
-0.630861077465616,-1.0,-1.0,-8.699051668292515
0.5396691838380878,1.0,0.8067751737366102,8.176618919282674
0.6705419029295494,1.0,-0.036924744961395195,8.728008059711783
-1.0,0.9496610704650104,-0.0720971382749751,6.456009018689181
-0.10076218899173628,-0.851015653244199,-0.45441282432411145,1.3147501001556066
0.6955629920664848,0.13351135542195025,-0.5606656701143296,1.6979438077718823
-0.9103333197330659,0.6440450471459305,-1.0,9.868982531364779
1.0,-1.0,1.0,-9.399912775807836
0.15712644118265584,-1.0,-0.525070007559002,-0.6535813925368226
-1.0,1.0,-0.38508845728551755,11.666994412229233
-0.1814793400467578,-1.0,-0.4109359822898071,1.2298416638453624
-0.6894128961211723,-0.8297566525551718,-0.4139337737915243,2.961909760626921
1.0,-0.7371290995992961,-1.0,-4.164416898011988
0.133856290927844,-1.0,-0.5370844237914476,-1.7105843579042728
0.410418228701076,0.9819459968812803,-0.26676790413484763,8.107377353311966
0.19003887653267215,1.0,-0.9714952749528751,6.652942633509234
-0.9121543722418017,-0.7468204599631301,0.29258527966518844,3.5443258995075286
-0.6345994888147033,1.0,0.6782458090788506,6.135672305502813
0.09293827406105581,0.8046463414091551,0.06463903938602056,2.706564161190933
0.34985786403995833,0.8452856342633615,0.036985201827165914,2.8385132821664594
1.0,-0.24394453857373022,0.7377443625250528,6.588491711605049
0.7170242609817328,-1.0,0.9583170389965212,-5.462818525008896
0.2257714263618522,-0.580310884799504,0.003195023914858819,1.585027267364858
0.5245582113035152,0.9263564656874976,-0.8326989971444911,6.195258559436767
0.4531324216922996,0.8583241739913481,1.0,7.930328563476506
-0.19649136643281784,0.23923723836466726,-0.11918708621094276,0.23109747716081747
-1.0,-0.23297158280405972,-0.11680467873123956,-3.8399207074239445
-0.8083325848407408,-0.6563002280104335,-0.8282130871648601,1.8105880665294003
-0.3102115469637048,-0.273150541007112,-0.8498948773785824,-1.3521480328489885
0.5629235370378349,-0.052418313313374876,-1.0,-1.9920406628321015
0.0977449609049843,-0.8237206276942608,0.04841254593483635,2.7324572126696594
0.014116629998900176,1.0,-0.45587978841809385,10.043351620431034
-0.8455771817098157,0.2528514573800207,-0.767834595403664,1.6376486719792067
-1.0,-0.6440187054791542,0.5442137627957326,3.9868703764240294
-0.12250572617349387,-1.0,-0.9216415934820519,-12.062233622786467
-1.0,-1.0,-1.0,2.6687872293518575
-0.672073818010007,-1.0,-0.11060780186576746,4.422345683357641
0.8787815190273691,-1.0,0.37577070254670697,-4.860508587638439
0.22400343689016777,1.0,-0.44279301056734677,10.498953210662728
0.6397451818360222,-0.2998238921652343,1.0,-1.3615753930495318
0.5183427052696847,0.7332906662522547,-0.10720249884666244,1.7633280893510104
-1.0,-0.21441414097785905,0.7451593786049158,-0.2070480430416879
1.0,0.6897488238498375,0.7331971906093324,14.97334488356365
-0.888219561997182,0.7508785540936502,-0.22995739635707646,-0.585012317911447
1.0,0.40445453265985143,0.10707517194396754,6.176384127934741
-0.1678180573219501,-0.6969531735220265,-1.0,-6.57258885347964
0.6712659437370116,0.41716652894382045,0.5813214815585523,3.19374383861127
0.5081675928966305,1.0,1.0,9.440099482962713
0.9860921724738201,0.07372711322922787,0.863980996950074,10.399834247746359
-0.8932003057350113,0.9248957451346784,-0.23656989697347108,2.9043109426928853
0.7602025103181429,-1.0,1.0,-6.585742182806944
-0.2747364128952803,0.07094179429797709,-0.01916224623169782,-0.5162952125521527
1.0,-1.0,0.4458674025845344,-6.863080316243864
-0.006451314106626693,-1.0,0.2346850104076479,1.6780547740955114
-0.5717193775448159,0.7071842605599803,0.20766971556931968,-1.548497630578978
0.10018869176685463,0.4178164597528069,1.0,2.551019461091953
-0.34423906450976105,-0.09426463281506936,-1.0,-1.293721228188642
-0.2522712866129626,-0.23185352103750634,-1.0,-2.3020509901514408
-1.0,0.10458086148348511,0.2878340912211672,-5.0569329616184415
-0.1587342208750857,-1.0,-1.0,-16.06390777222599
-0.3994172391808737,-1.0,-1.0,-13.496945715793755
0.4770479229571316,-0.48840038243617956,-0.38211441347491926,0.1663910524816421
-1.0,0.12517418796732183,0.5946224093590855,-3.95100444250014
0.7560182903887465,-0.678275385543976,-0.5481770315276704,1.1647185247457033
0.41744797409942325,0.5083560487201413,0.3864911078060924,1.43910720377388
-0.18328382930065845,-0.3134910269089799,-0.09375944744070774,0.4518930761569649
0.9797209638699285,-0.997762047902935,-1.0,-29.492935596247282
-1.0,-0.23773039762565062,0.537871800681569,-1.5983528206183228
-0.09249074713271521,0.2037814580416939,-1.0,-3.142329127809016
0.32436183902219673,-0.08804277894797963,0.13835826714658772,1.6795469857151348
1.0,0.5534096071394372,-0.6779629300152081,7.200122343233966
0.2506707104189545,-0.7781931889973985,0.8854612262136645,-1.1663562521933148
1.0,0.6153255905302168,-0.3104683697510937,6.444824095729048
1.0,-0.6519919138645291,0.5158465172512738,3.636398230455938
-0.9768467114294808,-1.0,0.048705269979080645,7.483387623547291
0.43901033329548755,1.0,-0.2922772544259773,10.103826728225387
-1.0,-0.6108334342351456,1.0,11.486252730358995
-0.5990450695649443,-0.3839339008386693,0.45466080052496727,1.0351007766267897
1.0,0.6434194575152623,1.0,25.17318721610986
0.8972698045386582,1.0,-0.9003918183075745,23.782319910020874
0.2812327344996024,-1.0,0.3540111484016353,-0.07159678665440206
-0.9677942398225285,0.34445903060328376,1.0,3.640241096506011
1.0,-0.7269017274520517,-0.02593714744393849,1.8060087689516262
-0.11045078447341927,0.7626405601931039,-0.5878074252145815,1.1497333129733844
-1.0,0.22597681953168713,0.8459347919539897,-1.5615239353087542
0.04202686493981189,-0.5866039293214573,0.5293188207244202,0.3357499555422577
-0.46787914612431125,-1.0,0.36387184993886,3.515707025316187
0.5154861523739911,1.0,0.7345112494247366,8.118007319891735
0.005174536872711855,-0.5887963560747311,1.0,-1.964078329405447
0.517836889965235,1.0,0.7937764142859043,8.993655435089755
-1.0,-1.0,1.0,21.711562352787436
-1.0,-1.0,0.208740341581378,9.590128932167959
0.6509731993807069,-1.0,-0.39618790274949944,-1.8905493908908588
-0.023394861114780285,-0.6500778341779561,-0.4789024484459612,1.114000288944452
-0.955535500929209,-0.18271976232573972,-1.0,7.010244153692215
-0.9712350265083813,-0.5600033964534368,0.6577989116084288,3.08579576852396
-0.9876553917049189,0.3112868549875243,-1.0,13.31070560041355
0.051081949409561345,0.6376224891067908,-0.2337692099375741,1.0314678050276544
-0.6093784473426835,-0.22554166460004943,-0.15847387961629855,0.007848442699133984
-0.04359368815653575,0.09961921386432615,-0.19924634907029626,0.9285510146225061
-1.0,-0.06420849109583848,1.0,3.886936509425579
0.5354745188942034,0.11731903766623275,-1.0,-2.992571261293517
-0.0975719225626781,-1.0,1.0,-7.055485313691681
-0.5353280688725435,0.9359324435010121,-0.11398320483527291,2.8158827402123325
-1.0,-0.02556814288663234,0.06662853440640526,-4.618742029184347
-1.0,-1.0,1.0,22.51965943082386
-1.0,-1.0,-0.8234618694476212,2.3669564475723526
0.5637034530517198,-0.8947582301098151,-0.3372137367296759,0.5468285947208622
0.34973577947645573,0.7351256698103146,-0.4262112323836549,1.1382290636432748
0.4624789886399501,0.8706676974224865,1.0,8.13174274211995
0.0208124802984484,-1.0,1.0,-6.619331571886403
-0.675741230887013,-0.979921770810581,-0.3841125137251873,3.540265889439116
-0.11411556334697526,-0.5047520983876246,0.23873434119340486,1.0462346562364764
-1.0,0.5406583748945111,-1.0,18.044661618162223
-0.9108241424150241,1.0,-0.9378727427753444,8.908226873687253
0.14236831892439494,0.5220872210645375,0.30732118524570495,0.21615597311181228
-0.5980551810935677,1.0,-1.0,0.21291406701016236
-1.0,0.39928561184041556,0.8131172114120089,-2.966576688840452
-0.9586221207520709,0.12830596477476797,0.03432533041884622,-3.2076393499298583
0.017753239323563763,0.2846485385742179,-0.3325667321636925,0.9395052049691426
0.4673604280884325,-1.0,0.9032496374135841,-4.773136031383915
0.7668686407399385,-1.0,-0.5317239020990236,-6.3007997165537395
0.32987022715178504,0.562500098609301,-1.0,-3.01596314627997
-1.0,1.0,-0.6219492737498307,12.155004754926757
0.7959158415599308,-1.0,-0.4082243713576299,-5.336399354594871
0.27091133452344796,0.1348333285003276,1.0,0.5954256866654783
1.0,-0.6736519754761279,0.24105227935288642,2.02040607634221
0.2642916709904177,0.37210190365169304,-0.5431064127858372,1.2681906168385781
-0.22978136500404545,-1.0,-0.23793014895982711,2.289507082936002
1.0,1.0,-0.14479143697376307,15.430949099019452
1.0,-0.33900605735089506,0.0448831094965223,4.490373463710175
-1.0,-0.4195498777770261,-0.8587031438495902,2.331078091617895
-0.5527593555072414,1.0,-1.0,0.49499416162874904
0.91600992378349,0.5534416503792279,-0.43829074307348814,2.7644593779306312
-1.0,-0.6361499342609598,-0.8366552454633522,2.1810619817704047
0.4120907744110369,-1.0,-1.0,-21.08194417991229
1.0,-0.11728399733762895,-1.0,7.641520146653853
0.15915592679347657,-1.0,0.15411362401764994,1.9101877137224441
-0.18143554565782782,0.5777204556239888,1.0,4.8694408045272946
-1.0,0.09019949345823486,0.0527011219598128,-5.027638917926094
-1.0,-0.6220896166402086,-0.14253217121017459,-0.08055078515017403
0.28248443784580557,-0.34012926836908597,1.0,-2.002124669001537
0.8290797127124487,-1.0,0.639089037474309,-2.827116937434776
-0.42467014891581023,0.3206730160180611,1.0,1.9474263325311134
0.2770278561372306,0.05561937123330396,-0.013697653386039121,0.9222866827045462
-0.13355847652265984,0.550077229521593,-1.0,-3.582008014486596
0.20132414529929266,0.32584653081979775,-0.26679856720094497,0.20978463214331733
-0.22324342402969788,1.0,0.5945604099142545,7.678860021251038
-0.8292380169948932,-0.824586690627483,0.36103949784065126,4.691086582286829
1.0,-0.6457470389098301,-0.5899565124110764,4.019937789302335
-1.0,-0.10084351571722694,-0.7980516666728454,2.0929700471091577
0.872632642778026,1.0,0.24378715406984464,9.314868177182948
0.27396232637571716,-0.8001488620288764,-1.0,-10.697839552060282
0.17365852667023063,0.7360946082974087,-0.22498765224435768,1.3187963902503834
0.36266058544330315,1.0,1.0,9.125151478179331
-0.4668450137117828,-0.9319084846076264,-0.6645842670471935,-0.46744660506365376
-0.48377498414614983,1.0,0.6464704720767676,6.926883507331569
-1.0,1.0,0.11027519744690983,6.134565463829932
-1.0,-0.726839207110066,1.0,14.250501903292015
1.0,1.0,1.0,26.414695248339065
0.004840870490184335,0.8251761422420503,0.12468530179789594,2.9129060658420216
-1.0,-0.40918723835760784,0.4917401299721853,-1.1991153430732615
-0.25699390081514273,-0.9849031758709843,0.5673950447093699,1.8369855804607385
0.7533116700195355,1.0,-0.1938172718045852,10.101389797344035
0.10987941088242459,0.5340216312144237,0.5028325988525555,0.4862570320604644
1.0,-0.8912425534549024,-0.10227446749849389,-2.3316365995636192
0.626686320860002,1.0,-0.08230333456069006,8.523258888495542
-0.4822604192114055,-0.4456577696285047,1.0,0.705309349790857
-1.0,-0.6928428192701861,0.47012459707502785,3.1232583502784395
1.0,0.767754997968908,-0.031054482505866954,8.367833718997218
0.39622478028062913,-0.7332390643101623,-0.4127054362929623,0.9134460158068607
0.8698688029922741,-1.0,0.6537018305036757,-3.798710564413881
1.0,-0.3208811355447825,-0.15025069988603756,4.357827962718536
-0.6940738896316558,-0.6931732554532759,0.9090276351876236,2.9059272261795366
0.4700140523745433,0.45446563692763187,-0.6523138247370457,0.8195646657261655
-0.02081107599397458,-0.8946890989133098,0.8597856379301076,-1.657152410344272
-0.18886198184910463,1.0,-0.8704200270085971,5.4004677189888115
-0.4982726698896458,1.0,-0.01981357903722647,6.124417831905006
-0.8188828079109631,0.7147564668407742,-0.47867126593170184,-1.131350440609083
0.3509541433729204,0.3866016156272085,-0.7820936867207133,0.3648575279886148
-1.0,0.2514617602904792,0.3216991685968531,-5.457656017984293
1.0,-0.08732818508712081,-0.7107477744453254,6.679920429250672
-0.19711094403692853,0.40006823621806187,0.41569192207776995,-0.07010026073053405
1.0,0.20499534720556123,0.7109027734395661,9.763509837350536
0.23035497646773573,-0.1420562419045972,-0.4940955156600859,1.0596453931237104
0.23034094853772547,-0.6904301373081634,-0.09129419980189524,1.9249587687846126
0.49436214248742005,0.6983778655707664,-0.11802794472865918,2.2030435775409645
-1.0,0.15005722341277639,1.0,3.3506681534596194
-0.17028092491844782,-0.693689958361934,-0.04278616558432069,0.784963117217336
0.13259505000238003,-0.39173983784179844,1.0,-1.6805986319519581
0.10237776452202962,1.0,-0.2634919503849076,9.309469106490639
0.6252723156889832,-0.8986061574460895,-0.6318559064858194,-2.9015024825472584
-0.040253841835649506,-0.08891896992556991,1.0,0.28826336987108103
0.3071805761008719,-1.0,-0.8312734762554672,-9.96188776336282
-1.0,0.4321591761535615,0.7827888414683466,-2.3005986728256107
-1.0,1.0,-0.636155765709749,13.337241632934898
4.0862487239889944e-05,0.7960892242100372,-0.9955973922000043,-3.171560250769544
-0.3148278519389207,0.22879711718552787,-0.1625788702905162,0.5823186954805095
0.5698614820747969,0.20463184611182128,-0.4648800219901006,0.7611365802415004
0.37714565713516923,0.027322611262105,-0.5400812852483732,0.9719006843373137
0.4350280360041754,1.0,-0.9890914961094488,6.413997022207143
-0.6634099864610017,-1.0,-0.05980615183539739,4.7884753608329795
1.0,-1.0,-1.0,-29.807228686855435
-0.594379994419824,1.0,0.7261063666333236,6.312671459115861
-0.10647702169926654,0.2679112481919317,0.33725816277374476,-0.15193918196431302
0.15459253052039745,-0.7497735342589953,-0.2710476146691776,2.050159099643755
0.03990505894752805,-1.0,1.0,-6.727593342213661
0.20355315879565583,-0.21885732024037696,0.17907483490893794,1.4559597567450595
-0.7804740109896908,0.990290535308298,-1.0,2.7688555088185933
0.36760472030717617,0.42218525081653313,0.43371221642903257,1.1488831414392535
-0.40956961374573786,0.45550868994686233,1.0,3.644974088201128
0.14180317220299754,-0.605450389813732,0.3227470190858739,0.9404496393114776
1.0,0.5273900900527648,1.0,23.291456748354186
-1.0,-0.6408546088889577,-1.0,4.9160014082969745
0.9812283325831193,-0.32383039870557817,0.02041061986415027,4.724509463323068
-0.3502936287505296,-1.0,0.01788326369206894,4.145821647243799
0.18441274399978913,1.0,0.42834210301967346,7.833791150902924
-1.0,0.11314532890907092,0.37492123015430145,-3.9070558252846634
0.03709373025227114,-0.38386686136279957,-1.0,-5.21797760358725
0.38630841259947135,1.0,-0.26413555768175034,9.900524067203941
-0.8575231973020974,0.24334112401064023,0.17109124033730483,-3.0286428454279353
-1.0,-0.08851201340790804,1.0,4.111763086743729
0.029150593604147845,0.3799192895791317,0.8023315758500669,1.2503205027864024
0.5975166969996453,0.14997613089161188,-0.24232781085939892,2.5831068887735795
-0.5535249808926725,1.0,-0.0037770902880351898,5.969956638020145
-1.0,-0.5023754456022864,0.2712505776332006,-0.6276645651780661
1.0,0.041647948842416405,-0.4992409754553835,4.711707436199661
0.05525557206791443,-0.8795521537014273,-0.056558399019371874,1.5747230222771185
0.5086381904866624,-1.0,0.29785172858245645,-0.4207045132909168
0.7148302064021437,0.8971728014887292,1.0,11.776021973011149
-1.0,-0.0947458205092444,0.2599748769233836,-3.8490210841498893
-0.548239320059533,0.9719140249293947,-0.6874825110584857,3.495073274070088
0.4688928622339765,-1.0,-0.33910383916387965,-0.32393443794194265
