degree,model_name,cv_mse,cv_r2
1,Linear Regression,9.68390597439711,0.07798894169352971
1,Ridge (alpha=0.1),9.683888603634639,0.07799192017046253
1,Ridge (alpha=1.0),9.683734307507077,0.07801850516345828
1,Ridge (alpha=10.0),9.682386900797392,0.07826312399804317
1,Lasso (alpha=0.001),9.68394515686221,0.07801765153394022
1,Lasso (alpha=0.01),9.684882542913055,0.07819545041208502
1,Lasso (alpha=0.1),9.736549038237433,0.07579333602922851
1,"ElasticNet (a=0.001, l1=0.5)",9.683838987050963,0.07801758308575796
1,"ElasticNet (a=0.01, l1=0.5)",9.683383707236478,0.0782437771154331
1,"ElasticNet (a=0.01, l1=0.7)",9.684060343246776,0.0782152517790713
2,Linear Regression,3.2418425335529206,0.689759372660731
2,Ridge (alpha=0.1),3.241816674892745,0.6897624987210186
2,Ridge (alpha=1.0),3.241600173894897,0.6897890796753549
2,Ridge (alpha=10.0),3.240956951580272,0.6899091806437088
2,Lasso (alpha=0.001),3.241121026261019,0.6898299421082152
2,Lasso (alpha=0.01),3.23795140440692,0.6901545572518041
2,Lasso (alpha=0.1),3.403126572614975,0.6747484665557684
2,"ElasticNet (a=0.001, l1=0.5)",3.2413843351686267,0.6898072815075575
2,"ElasticNet (a=0.01, l1=0.5)",3.23789513650706,0.6901813834305821
2,"ElasticNet (a=0.01, l1=0.7)",3.2376597423886735,0.6901927214004953
3,Linear Regression,1.144335169716841,0.88814069432996
3,Ridge (alpha=0.1),1.1441679547267127,0.888157209921905
3,Ridge (alpha=1.0),1.1428746753114936,0.8882849233059138
3,Ridge (alpha=10.0),1.142018351203583,0.8883673105526986
3,Lasso (alpha=0.001),1.139223129392625,0.8886184393930101
3,Lasso (alpha=0.01),1.1391525743018802,0.8882778874388938
3,Lasso (alpha=0.1),1.599712920145602,0.844164071297361
3,"ElasticNet (a=0.001, l1=0.5)",1.141072662063748,0.8884498865349275
3,"ElasticNet (a=0.01, l1=0.5)",1.136764937199319,0.8886833043856057
3,"ElasticNet (a=0.01, l1=0.7)",1.1365404186918178,0.8886121861667344
4,Linear Regression,0.895675266099685,0.9125694499617849
4,Ridge (alpha=0.1),0.8932886386094225,0.9128062155701654
4,Ridge (alpha=1.0),0.8762057790754387,0.9145014377050295
4,Ridge (alpha=10.0),0.8302157952978717,0.9190257396597538
4,Lasso (alpha=0.001),0.8254768001762292,0.9193579983701856
4,Lasso (alpha=0.01),0.7211733961239739,0.929342060465272
4,Lasso (alpha=0.1),1.254578338319248,0.8777902338774757
4,"ElasticNet (a=0.001, l1=0.5)",0.8484210200068583,0.9171484493871057
4,"ElasticNet (a=0.01, l1=0.5)",0.7411337929291383,0.9274566183703318
4,"ElasticNet (a=0.01, l1=0.7)",0.728643547181811,0.9285979878568529
5,Linear Regression,1.1480657539213488,0.8866364802315653
5,Ridge (alpha=0.1),1.042532618637375,0.896962165599817
5,Ridge (alpha=1.0),0.7438725579772703,0.9263549476814805
5,Ridge (alpha=10.0),0.5314735530288395,0.9474485811270851
5,Lasso (alpha=0.001),0.49887378810382865,0.9507221568555112
5,Lasso (alpha=0.01),0.3680996977462231,0.9636256897535096
5,Lasso (alpha=0.1),0.8765677537047625,0.9143235093461426
5,"ElasticNet (a=0.001, l1=0.5)",0.5406847326487257,0.9465245259035848
5,"ElasticNet (a=0.01, l1=0.5)",0.39630434282611937,0.9608091054124328
5,"ElasticNet (a=0.01, l1=0.7)",0.380681076261095,0.9623314209913699
6,Linear Regression,1048.9146220353718,-97.78188831881842
6,Ridge (alpha=0.1),5.450397318263294,0.46699751874240364
6,Ridge (alpha=1.0),1.3569484736299129,0.8662938089158818
6,Ridge (alpha=10.0),0.6579887862697738,0.9354247695775714
6,Lasso (alpha=0.001),0.6484052477702168,0.9362905329562411
6,Lasso (alpha=0.01),0.377464250827601,0.9627167066145847
6,Lasso (alpha=0.1),0.8772945869210165,0.9141140670278103
6,"ElasticNet (a=0.001, l1=0.5)",0.7161950206320087,0.9295580863164499
6,"ElasticNet (a=0.01, l1=0.5)",0.4164682954166469,0.9589620811015156
6,"ElasticNet (a=0.01, l1=0.7)",0.39909205180280644,0.9606312747570257
7,Linear Regression,13.360066061528704,-0.2985672772854371
7,Ridge (alpha=0.1),4.843603300113024,0.5196481724146832
7,Ridge (alpha=1.0),1.8593783266647699,0.8147299449408851
7,Ridge (alpha=10.0),0.8384704471958319,0.9170524026167135
7,Lasso (alpha=0.001),0.6964835642242593,0.9311093788739031
7,Lasso (alpha=0.01),0.40802307626574147,0.9595282209599739
7,Lasso (alpha=0.1),0.8643857677411688,0.9151589879170714
7,"ElasticNet (a=0.001, l1=0.5)",0.757136404927263,0.9254067769210261
7,"ElasticNet (a=0.01, l1=0.5)",0.44230701452233606,0.9560218523153606
7,"ElasticNet (a=0.01, l1=0.7)",0.4213981111745776,0.9581666545002685
8,Linear Regression,7.188510405136997,0.2964338127416166
8,Ridge (alpha=0.1),4.283697073318696,0.5778403046663052
8,Ridge (alpha=1.0),2.230480017074741,0.777394038213555
8,Ridge (alpha=10.0),1.0832602298920802,0.8920145495057603
8,Lasso (alpha=0.001),0.811371848048171,0.9195226192328894
8,Lasso (alpha=0.01),0.4159158008956119,0.9587639751253876
8,Lasso (alpha=0.1),0.8704694716300072,0.9145291134012725
8,"ElasticNet (a=0.001, l1=0.5)",0.9081469553958869,0.9105402710472313
8,"ElasticNet (a=0.01, l1=0.5)",0.46402484654164794,0.9540295066868364
8,"ElasticNet (a=0.01, l1=0.7)",0.4400849697590951,0.9563706197335373
9,Linear Regression,6.242325944680887,0.39217235009581686
9,Ridge (alpha=0.1),4.615060848247662,0.5478656476467518
9,Ridge (alpha=1.0),2.682021228536207,0.7331408172949143
9,Ridge (alpha=10.0),1.338174345183392,0.8663560338090983
9,Lasso (alpha=0.001),0.8613350997595035,0.9141944669551139
9,Lasso (alpha=0.01),0.4226247088073184,0.9579223842731229
9,Lasso (alpha=0.1),0.8626410808976216,0.9152954948059822
9,"ElasticNet (a=0.001, l1=0.5)",1.000373995379847,0.9014267233953538
9,"ElasticNet (a=0.01, l1=0.5)",0.4785850702917484,0.9523693566593037
9,"ElasticNet (a=0.01, l1=0.7)",0.4505106562811732,0.9551646064722155
10,Linear Regression,5.955417717661853,0.42266909901134353
10,Ridge (alpha=0.1),4.732277854406286,0.5410180718732818
10,Ridge (alpha=1.0),2.9645652241967846,0.7075881193667322
10,Ridge (alpha=10.0),1.7094010432833286,0.8294035992053489
10,Lasso (alpha=0.001),0.9344470555270654,0.9068210716848147
10,Lasso (alpha=0.01),0.4326245923976234,0.9569573221175526
10,Lasso (alpha=0.1),0.8681188110899256,0.9147518746894774
10,"ElasticNet (a=0.001, l1=0.5)",1.1221376406577686,0.8892326388993661
10,"ElasticNet (a=0.01, l1=0.5)",0.501768810116014,0.9500093476137126
10,"ElasticNet (a=0.01, l1=0.7)",0.4597247185805644,0.9542701262147096
